<?xml version="1.0" encoding="UTF-8"?><rss version="2.0"
	xmlns:content="http://purl.org/rss/1.0/modules/content/"
	xmlns:wfw="http://wellformedweb.org/CommentAPI/"
	xmlns:dc="http://purl.org/dc/elements/1.1/"
	xmlns:atom="http://www.w3.org/2005/Atom"
	xmlns:sy="http://purl.org/rss/1.0/modules/syndication/"
	xmlns:slash="http://purl.org/rss/1.0/modules/slash/"
	>

<channel>
	<title>Smartphone &#8211; TecnoBlog</title>
	<atom:link href="./index.html" rel="self" type="application/rss+xml" />
	<link>./../../../index.html</link>
	<description></description>
	<lastBuildDate>Wed, 01 Mar 2023 14:11:09 +0000</lastBuildDate>
	<language>it-IT</language>
	<sy:updatePeriod>
	hourly	</sy:updatePeriod>
	<sy:updateFrequency>
	1	</sy:updateFrequency>
	<generator>https://wordpress.org/?v=6.1.1</generator>

<image>
	<url>./../../../wp-content/uploads/2023/03/cropped-kinbn-removebg-preview-32x32.png</url>
	<title>Smartphone &#8211; TecnoBlog</title>
	<link>./../../../index.html</link>
	<width>32</width>
	<height>32</height>
</image> 
	<item>
		<title>iOS e iPadOS 16.4, macOS 13.3 e tutti gli altri OS Apple ricevono la Developer Beta 2</title>
		<link>./../../../2022/09/22/ios-e-ipados-16-4-macos-13-3-e-tutti-gli-altri-os-apple-ricevono-la-developer-beta-2/index.html</link>
					<comments>./../../../2022/09/22/ios-e-ipados-16-4-macos-13-3-e-tutti-gli-altri-os-apple-ricevono-la-developer-beta-2/index.html#respond</comments>
		
		<dc:creator><![CDATA[Jay]]></dc:creator>
		<pubDate>Thu, 22 Sep 2022 13:07:38 +0000</pubDate>
				<category><![CDATA[Smartphone]]></category>
		<guid isPermaLink="false">./../../../index.html?p=41</guid>

					<description><![CDATA[Nel corso della serata di ieri, Apple ha rilasciato le nuove Beta Developer 2 di tutti i suoi sistemi operativi, tra cui iOS 16.4, iPadOS 16.4, tvOS 16.4, watchOS 9.4 e macOS Ventura 13.3. Chi ha seguito le vicende legate alla scorsa beta saprà che, con i nuovi OS, Apple punta a cambiare radicalmente le modalità di iscrizione &#8230;<p class="read-more"> <a class="" href="./../../../2022/09/22/ios-e-ipados-16-4-macos-13-3-e-tutti-gli-altri-os-apple-ricevono-la-developer-beta-2/index.html"> <span class="screen-reader-text">iOS e iPadOS 16.4, macOS 13.3 e tutti gli altri OS Apple ricevono la Developer Beta 2</span> Leggi altro &#187;</a></p>]]></description>
										<content:encoded><![CDATA[
<p>Nel corso della serata di ieri, Apple ha rilasciato le nuove Beta Developer 2 di tutti i suoi sistemi operativi, tra cui <strong>iOS 16.4, iPadOS 16.4, tvOS 16.4, watchOS 9.4 e macOS Ventura 13.3</strong>. Chi ha seguito <a href="https://www.hdblog.it/apple/articoli/n566505/ios-ipados-16-4-watchos-9-4-beta-developer/">le vicende legate alla scorsa beta</a> saprà che, con i nuovi OS, Apple punta a cambiare radicalmente le modalità di iscrizione al programma che permette di provare in anteprima le ultime versioni software, andando ad eliminare la pratica dei profili in favore di un sistema collegato direttamente alla registrazione del proprio Apple ID ad uno dei vari programmi beta.</p>



<p>Questa novità non è ancora stata implementata al 100%, ma con il rilascio di ieri è diventato chiaro ch<strong>e la casa di Cupertino sta lavorando in maniera molto attiva su questo sistema</strong>, dal momento che la disponibilità della beta per chi non è regolarmente iscritto al programma per sviluppatori è stata&nbsp;<strong>ritardata di circa una mezz&#8217;ora rispetto al normale</strong>. Alcuni utenti hanno avuto bisogno di riavviare il proprio dispositivo prima di poterla trovare, altri l&#8217;hanno ricevuta anche dopo aver cancellato il profilo sviluppatore e altri ancora l&#8217;hanno potuta scaricare anche avendo selezionato la voce&nbsp;<em>No</em>&nbsp;all&#8217;interno del nuovo menù che permette di gestire l&#8217;iscrizione al programma beta.</p>



<p>Insomma, è chiaro che Apple si stia preparando attivamente al cambio di sistema, in modo da<strong> evitare che le beta sviluppatori possano essere installate anche da utenti comuni</strong>. Probabilmente questi saranno gli ultimi sistemi operativi a permettere di accedere alle Beta Developer anche ai non iscritti al programma, mentre il giro di vite dovrebbe arrivare sia con gli OS che verranno presentati <a href="https://www.hdblog.it/wwdc/">alla WWDC</a> &#8211; tra cui ovviamente <a href="https://www.hdblog.it/ios-17/">iOS 17</a> -, sia con una possibile beta di iOS 16.5 (e tutti gli altri sistemi operativi), qualora dovesse essere prevista.</p>



<div class="wp-block-uagb-image uagb-block-60a2397b wp-block-uagb-image--layout-default wp-block-uagb-image--effect-static wp-block-uagb-image--align-none"><figure class="wp-block-uagb-image__figure"><img srcset="undefined " width="" height="" loading="lazy"/></figure></div>



<p>Ma veniamo alle novità: quali sono le principali incluse in questa Beta 2? In generale non si tratta di novità eclatanti, visto che troviamo&nbsp;<strong>ulteriori riferimenti all&#8217;arrivo di Apple Music Classic</strong>, la conferma che&nbsp;<strong>Apple Pay arriverà presto in Corea del Sud</strong>&nbsp;e il ripristino dell&#8217;<strong>animazione<em>&nbsp;realistica</em>&nbsp;quando si volta la pagina di un documento dall&#8217;app Libri</strong>.</p>



<p>Questa può essere attivata aprendo un qualsiasi libro (non i normali PDF) e cliccando sul menù in basso che rende visibile l&#8217;opzione Temi e Impostazioni, dove troviamo l&#8217;icona che ci permette di cambiare l&#8217;animazione di scorrimento delle pagine tra &#8220;Scorrimento&#8221;, &#8220;Ricciolo&#8221; e &#8220;Nessuno&#8221;. Ricciolo è quella che state cercando e Apple l&#8217;aveva rimossa sin del rilascio di iOS/iPadOS 16 senza un motivo ben preciso. Il feedback degli utenti è stato fondamentale per riportare l&#8217;animazione scomparsa.</p>
]]></content:encoded>
					
					<wfw:commentRss>./../../../2022/09/22/ios-e-ipados-16-4-macos-13-3-e-tutti-gli-altri-os-apple-ricevono-la-developer-beta-2/feed/index.html</wfw:commentRss>
			<slash:comments>0</slash:comments>
		
		
			</item>
		<item>
		<title>OnePlus 11 sopravvive al test di resistenza del canale JerryRigEverything</title>
		<link>./../../../2022/04/01/oneplus-11-sopravvive-al-test-di-resistenza-del-canale-jerryrigeverything/index.html</link>
					<comments>./../../../2022/04/01/oneplus-11-sopravvive-al-test-di-resistenza-del-canale-jerryrigeverything/index.html#respond</comments>
		
		<dc:creator><![CDATA[Jay]]></dc:creator>
		<pubDate>Fri, 01 Apr 2022 13:05:03 +0000</pubDate>
				<category><![CDATA[Smartphone]]></category>
		<guid isPermaLink="false">./../../../index.html?p=39</guid>

					<description><![CDATA[Il rapporto tra&#160;OnePlus&#160;e il canale&#160;JerryRigEverything&#160;non è stato certo dei migliori negli ultimi anni, visto che sia&#160;il test di resistenza di OnePlus 10 Pro&#160;che&#160;quello di OnePlus 10T&#160;si sono rivelati particolarmente disastrosi per gli smartphone della casa cinese. Con&#160;OnePlus 11&#160;ormai sul mercato (qui trovate la nostra recensione) è giunto il momento di vedere come se la cava &#8230;<p class="read-more"> <a class="" href="./../../../2022/04/01/oneplus-11-sopravvive-al-test-di-resistenza-del-canale-jerryrigeverything/index.html"> <span class="screen-reader-text">OnePlus 11 sopravvive al test di resistenza del canale JerryRigEverything</span> Leggi altro &#187;</a></p>]]></description>
										<content:encoded><![CDATA[
<p>Il rapporto tra&nbsp;<strong>OnePlus</strong>&nbsp;e il canale&nbsp;<strong>JerryRigEverything</strong>&nbsp;non è stato certo dei migliori negli ultimi anni, visto che sia&nbsp;<a href="https://www.hdblog.it/smartphone/articoli/n551748/oneplus-10-pro-test-resistenza-distrutto/">il test di resistenza di OnePlus 10 Pro</a>&nbsp;che&nbsp;<a href="https://www.hdblog.it/smartphone/articoli/n560028/oneplus-10t-bend-test-fallito/">quello di OnePlus 10T</a>&nbsp;si sono rivelati particolarmente disastrosi per gli smartphone della casa cinese. Con&nbsp;<a href="https://www.hdblog.it/schede-tecniche/oneplus-11_i5765/">OnePlus 11</a>&nbsp;ormai sul mercato (<a href="https://www.hdblog.it/smartphone/recensioni/n566085/oneplus-11-5g-recensione-test-prova-prezzi/">qui trovate la nostra recensione</a>) è giunto il momento di vedere come se la cava l&#8217;ultimo arrivato una volta messo alla prova sul banco da lavoro dello youtuber Zack Nelson.</p>



<p>Poco sotto trovate il filmato che contiene gli oltre 6 minuti e mezzo di prove e torture a cui viene sottoposto OnePlus 11 e il risultato, ve lo anticipiamo già, è sicuramente migliore che in passato, anche se c&#8217;è ancora molto spazio per migliorare la qualità costruttiva dei prossimi smartphone dell&#8217;azienda.</p>



<p>Questa volta&nbsp;<strong>Nelson non riesce a spezzare in due il dispositivo</strong>, segno che OnePlus ha comunque lavorato meglio per quanto riguarda la rigidità della struttura, tuttavia lo smartphone flette abbastanza da mandare in frantumi il retro in&nbsp;<strong>Gorilla Glass 5</strong>, mentre il pannello frontale in gorilla&nbsp;<strong>Glass Victus</strong>&nbsp;sembra reggere meglio il tutto.</p>



<p>Particolarmente&nbsp;<strong>negativo</strong>, invece, il fatto che il&nbsp;<strong>sensore di impronte</strong>&nbsp;posizionato sotto al display<strong>&nbsp;smetta di funzionare dopo che la superficie soprastante viene tempestata di graffi</strong>. Questo è un comportamento riscontrato raramente negli smartphone messi alla prova sul canale. Per il resto ci troviamo davanti ad un classico test di resistenza che produce i soliti risultati, specialmente per quanto riguarda la propensione ai graffi del pannello frontale. Ma vi lasciamo al video completo per approfondire il tema.</p>



<figure class="wp-block-embed is-type-video is-provider-youtube wp-block-embed-youtube wp-embed-aspect-16-9 wp-has-aspect-ratio"><div class="wp-block-embed__wrapper">
<div class="ast-oembed-container" style="height: 100%;"><iframe title="One Plus 11 = Not quite back..." width="1200" height="675" src="https://www.youtube.com/embed/8OV8bTLDwGU?feature=oembed" frameborder="0" allow="accelerometer; autoplay; clipboard-write; encrypted-media; gyroscope; picture-in-picture; web-share" allowfullscreen></iframe></div>
</div></figure>
]]></content:encoded>
					
					<wfw:commentRss>./../../../2022/04/01/oneplus-11-sopravvive-al-test-di-resistenza-del-canale-jerryrigeverything/feed/index.html</wfw:commentRss>
			<slash:comments>0</slash:comments>
		
		
			</item>
	</channel>
</rss>
