<?xml version="1.0" encoding="UTF-8"?><rss version="2.0"
	xmlns:content="http://purl.org/rss/1.0/modules/content/"
	xmlns:wfw="http://wellformedweb.org/CommentAPI/"
	xmlns:dc="http://purl.org/dc/elements/1.1/"
	xmlns:atom="http://www.w3.org/2005/Atom"
	xmlns:sy="http://purl.org/rss/1.0/modules/syndication/"
	xmlns:slash="http://purl.org/rss/1.0/modules/slash/"
	>

<channel>
	<title>Social Network &#8211; TecnoBlog</title>
	<atom:link href="./index.html" rel="self" type="application/rss+xml" />
	<link>./../../../index.html</link>
	<description></description>
	<lastBuildDate>Wed, 01 Mar 2023 14:10:48 +0000</lastBuildDate>
	<language>it-IT</language>
	<sy:updatePeriod>
	hourly	</sy:updatePeriod>
	<sy:updateFrequency>
	1	</sy:updateFrequency>
	<generator>https://wordpress.org/?v=6.1.1</generator>

<image>
	<url>./../../../wp-content/uploads/2023/03/cropped-kinbn-removebg-preview-32x32.png</url>
	<title>Social Network &#8211; TecnoBlog</title>
	<link>./../../../index.html</link>
	<width>32</width>
	<height>32</height>
</image> 
	<item>
		<title>TikTok, limite di 60 minuti al giorno (disattivabile) per tutti gli under 18</title>
		<link>./../../../2023/02/08/tiktok-limite-di-60-minuti-al-giorno-disattivabile-per-tutti-gli-under-18/index.html</link>
					<comments>./../../../2023/02/08/tiktok-limite-di-60-minuti-al-giorno-disattivabile-per-tutti-gli-under-18/index.html#respond</comments>
		
		<dc:creator><![CDATA[Jay]]></dc:creator>
		<pubDate>Wed, 08 Feb 2023 11:01:58 +0000</pubDate>
				<category><![CDATA[Social Network]]></category>
		<guid isPermaLink="false">./../../../index.html?p=36</guid>

					<description><![CDATA[TikTok ha annunciato una serie di nuove funzionalità volte a migliorare il benessere dei suoi utenti adolescenti riducendo il tempo che passano guardando lo schermo dello smartphone. Annunciate anche nuove funzioni per Collegamento Famigliare. Nelle prossime settimane, ogni account appartenente a un utente di età inferiore ai 18 anni verrà automaticamente impostato su un limite di tempo di utilizzo &#8230;<p class="read-more"> <a class="" href="./../../../2023/02/08/tiktok-limite-di-60-minuti-al-giorno-disattivabile-per-tutti-gli-under-18/index.html"> <span class="screen-reader-text">TikTok, limite di 60 minuti al giorno (disattivabile) per tutti gli under 18</span> Leggi altro &#187;</a></p>]]></description>
										<content:encoded><![CDATA[
<p><a href="https://www.hdblog.it/tiktok/">TikTok</a> ha annunciato una serie di nuove funzionalità volte a migliorare il benessere dei suoi utenti adolescenti riducendo il tempo che passano guardando lo schermo dello smartphone. Annunciate anche nuove funzioni per Collegamento Famigliare.</p>



<p>Nelle prossime settimane, ogni account appartenente a un<strong> utente di età inferiore ai 18 anni</strong> verrà automaticamente impostato su <strong>un limite di tempo di utilizzo giornaliero di 60 minuti</strong>.</p>



<p>Una volta raggiunto questo limite, per continuare a guardare contenuti sull&#8217;app <strong>verrà richiesto di inserire un codice </strong>che arriverà direttamente sullo smartphone dell&#8217;adolescente. Toccherà eventualmente ad un adulto monitorare l&#8217;attivazione del tempo supplementare. Occorrerà quindi una decisione attiva per estendere il tempo e sarà possibile anche disabilitare completamente la funzione. In questo caso, qualora trascorreranno più di 100 minuti al giorno su TikTok, verrà richiesto di impostare un nuovo limite giornaliero. A tutti gli account di utenti adolescenti, inoltre, verrà inviato un riepilogo settimanale del tempo trascorso online.</p>



<div class="wp-block-uagb-image aligncenter uagb-block-7184ca87 wp-block-uagb-image--layout-default wp-block-uagb-image--effect-static wp-block-uagb-image--align-center"><figure class="wp-block-uagb-image__figure"><img srcset="undefined " width="296" height="277" loading="lazy"/></figure></div>



<p>TikTok ha annunciato anche tre nuove funzionalità per Collegamento Famigliare,&nbsp;<a href="https://www.hdblog.it/android/articoli/n519722/tiktok-collegamento-familiare-sicurezza-gestione/">i controlli parentali personalizzabili lanciati negli scorsi anni</a>&nbsp;che consentono a un genitore o a un tutore di collegare il proprio account TikTok all&#8217;account di un utente più giovane:</p>



<ul>
<li><strong>Limiti di tempo di utilizzo</strong>&nbsp;giornalieri personalizzati per gli adolescenti, inclusa la scelta di limiti di tempo diversi a seconda del giorno della settimana;</li>



<li><strong>Resoconto del tempo di utilizzo</strong>&nbsp;che fornisce un riepilogo del tempo trascorso sull&#8217;app, il numero di volte in cui TikTok è stato aperto e un&#8217;analisi del tempo totale trascorso durante il giorno e la notte;</li>



<li><strong>Notifiche silenziate&nbsp;</strong>che consente ai genitori di impostare un programma per disattivare le notifiche: gli account di età compresa tra 13 e 15 anni non ricevono già le notifiche push dalle 21:00, gli account di età compresa tra 16 e 17 anni hanno le notifiche push disabilitate dalle ore 22:00.</li>
</ul>



<p>Infine, TikTok sta sviluppando una serie di nuovi controlli sui contenuti che consentiranno ai familiari di filtrare i video con parole o hashtag che non vogliono che i loro figli guardino.</p>



<p>Oltre a queste nuove funzionalità in Collegamento Famigliare, tutti saranno presto in grado di impostare limiti di tempo di visualizzazione personalizzati per ogni giorno della settimana e impostare un programma per disattivare le notifiche. Inoltre, TikTok sta anche implementando un promemoria serale che aiuterà gli utenti a pianificare più facilmente le ore di sonno in cui vogliono restare offline. Una volta raggiunto l’orario impostato, un pop-up ricorderà all’utente di uscire dall’app.</p>



<p>TikTok non ha comunicato l&#8217;effettiva disponibilità di queste funzioni che, probabilmente, saranno progressivamente attivate a livello mondiale.</p>
]]></content:encoded>
					
					<wfw:commentRss>./../../../2023/02/08/tiktok-limite-di-60-minuti-al-giorno-disattivabile-per-tutti-gli-under-18/feed/index.html</wfw:commentRss>
			<slash:comments>0</slash:comments>
		
		
			</item>
		<item>
		<title>Twitter down in Italia e in diverse parti del mondo: cosa è successo &#124; Risolto</title>
		<link>./../../../2023/02/04/twitter-down-in-italia-e-in-diverse-parti-del-mondo-cosa-e-successo-risolto/index.html</link>
					<comments>./../../../2023/02/04/twitter-down-in-italia-e-in-diverse-parti-del-mondo-cosa-e-successo-risolto/index.html#respond</comments>
		
		<dc:creator><![CDATA[Jay]]></dc:creator>
		<pubDate>Sat, 04 Feb 2023 14:00:51 +0000</pubDate>
				<category><![CDATA[Social Network]]></category>
		<guid isPermaLink="false">./../../../index.html?p=33</guid>

					<description><![CDATA[Twitter non ha funzionato in Italia e in diverse altre parti del mondo (Stati Uniti inclusi) per diverso tempo questa mattina, centinaia di segnalazioni sono arrivate dai social testimoniando un diffuso malfunzionamento della piattaforma di Elon Musk. I problemi hanno riguardato il caricamento della versione web, l&#8217;app e la connessione al server, chi scrive ad esempio non è stato in &#8230;<p class="read-more"> <a class="" href="./../../../2023/02/04/twitter-down-in-italia-e-in-diverse-parti-del-mondo-cosa-e-successo-risolto/index.html"> <span class="screen-reader-text">Twitter down in Italia e in diverse parti del mondo: cosa è successo &#124; Risolto</span> Leggi altro &#187;</a></p>]]></description>
										<content:encoded><![CDATA[
<p><strong>Twitter</strong> non ha funzionato in <strong>Italia e in diverse altre parti del mondo (Stati Uniti inclusi) per diverso tempo questa mattina</strong>, centinaia di segnalazioni sono arrivate dai social testimoniando un diffuso <strong>malfunzionamento</strong> <a href="https://www.hdblog.it/twitter/">della piattaforma di Elon Musk</a>. I problemi hanno riguardato il <strong>caricamento della versione web, l&#8217;app e la connessione al server</strong>, chi scrive ad esempio non è stato in grado di accedere alla propria pagina nonostante ripetuti tentativi.</p>



<p>Come spesso accade in questi casi, il down è diffuso lungo tutto lo stivale, da Torino a Palermo passando per Milano, Bologna, Venezia, Firenze, Perugia, Roma e Napoli. Non sono al momento note le cause di questo malfunzionamento: l&#8217;ultima volta che il social aveva riportato problemi <a href="https://www.hdblog.it/curiosita/articoli/n564746/twitter-stanotte-down-segnalazioni-globo/">risale alla fine del 2022</a>, quando le difficoltà erano rimaste tuttavia limitate all&#8217;accesso da web e solo in minima parte avevano riguardato l&#8217;applicazione.</p>



<div class="wp-block-uagb-image uagb-block-e38dc9ca wp-block-uagb-image--layout-default wp-block-uagb-image--effect-static wp-block-uagb-image--align-none"><figure class="wp-block-uagb-image__figure"><img decoding="async" srcset="./../../../wp-content/uploads/2023/03/grafico-matto.png " src="./../../../wp-content/uploads/2023/03/grafico-matto.png" alt="" class="uag-image-34" width="662" height="344" title="" loading="lazy"/></figure></div>



<p>Le prime segnalazioni risalgono a un&#8217;oretta fa circa, e in questi ultimi minuti stanno crescendo esponenzialmente. Vi aggiorneremo appena avremo novità, con l&#8217;augurio che il down possa rientrare presto.</p>



<p>Aggiornamento:Risolto</p>
]]></content:encoded>
					
					<wfw:commentRss>./../../../2023/02/04/twitter-down-in-italia-e-in-diverse-parti-del-mondo-cosa-e-successo-risolto/feed/index.html</wfw:commentRss>
			<slash:comments>0</slash:comments>
		
		
			</item>
	</channel>
</rss>
